{"seed":42,"baseline":{"hit_at_10":0.109091,"ndcg_at_10":0.054005},"method":{"hit_at_10":0.095455,"ndcg_at_10":0.048001},"relative":{"hit_at_10_percent":-12.5,"ndcg_at_10_percent":-11.117376},"structured_sft_trajectories":1320,"grpo_reward":[8.398864,8.427273]}
