{
  "paper": "2508.20900",
  "dataset": "KuaiRand-Pure official standard feed logs",
  "seeds": [42, 43, 44],
  "events": 60000,
  "examples": 12000,
  "sft_steps": 80,
  "gbpo_steps": 40,
  "sid_cardinalities": [128, 64, 32],
  "sid_uniqueness": 0.9852301200,
  "per_seed": [
    {"seed": 42, "encoder_loss": 12.0627979194, "lazy_loss": 12.0091019948, "encoder_ms": 0.2041823144, "lazy_ms": 0.1193168050, "sft_feedback_probability": 0.0000114962, "gbpo_feedback_probability": 0.0000148560},
    {"seed": 43, "encoder_loss": 12.1032672331, "lazy_loss": 12.0176879035, "encoder_ms": 0.2370406483, "lazy_ms": 0.0952171539, "sft_feedback_probability": 0.0000127341, "gbpo_feedback_probability": 0.0000126755},
    {"seed": 44, "encoder_loss": 11.9939107895, "lazy_loss": 12.0096495226, "encoder_ms": 0.3482726628, "lazy_ms": 0.1424790739, "sft_feedback_probability": 0.0000141906, "gbpo_feedback_probability": 0.0000192115}
  ],
  "summary": {
    "encoder_loss_mean": 12.0533253140,
    "lazy_loss_mean": 12.0121464736,
    "encoder_ms_mean": 0.2631652085,
    "lazy_ms_mean": 0.1190043443,
    "lazy_latency_reduction_percent": 54.7796060,
    "sft_feedback_probability_mean": 0.0000128070,
    "gbpo_feedback_probability_mean": 0.0000155810,
    "gbpo_relative_gain_percent": 21.6601957,
    "direction_consistent_across_seeds": false
  }
}
