{"seed":42,"baseline":{"hit_at_10":0.109091,"ndcg_at_10":0.054005},"method":{"hit_at_10":0.104545,"ndcg_at_10":0.050808},"relative":{"hit_at_10_percent":-4.166667,"ndcg_at_10_percent":-5.921305},"selected_blend":0.1,"ldr_masked_targets":140235}
