{"seed":42,"baseline":{"hit_at_10":0.059091,"ndcg_at_10":0.02249},"method":{"hit_at_10":0.045455,"ndcg_at_10":0.016181},"relative":{"hit_at_10_percent":-23.076923,"ndcg_at_10_percent":-28.051954},"alignment_mse":[0.023749,0.021152],"contrastive_loss":[7.189989,5.892097]}
